Business 1,Business 2,Name Similarity,Address Similarity
Quality Company | 7663 Washington Blvd | 41157,Quality Cmpany | 7663 Washington Blvd | 41157,97,100
Elite Group | 9158 Lake Ave | 39098,lite Group | 9158 Lake Ave | 39098,95,100
Reliable Services | 7893 Lake Way | 50723,Reliable Scervices | 7893 Lake Way | 50723,97,100
Expert Systems | 1341 Cedar Rd | 51732,Expert Systems | j341 Cedar Rd | 51732,100,92
Pro Associates Corp. | 7781 Hill Rd | 76631,Pro Associates Corp. | 7781 Hill Rod | 76631,100,86
Reliable Enterprises Ltd. | 7400 Elm Ct | 10919,Reliable Enterprises Ltd. | 740 Elm Ct | 10919,100,95
Reliable SFstems Inc. | 6195 Main Pl | 5t210,ReliaNle SFstems Inc. | 6195 Main Pl | 5t210,94,100
Pro Grop | 7517 Pine Rd | 82575,Pro Grop | 7517 Pie Rd | 82575,100,96
Pro Grop | 7517 Pine Rd | 82575,Pro Gron | 7517 Pie Rd | 82575,88,96
A1 Company | 3361 Main Blvd | 73832,A1 Compaxy | 3361 Main Blvd | 73832,90,100
Top Services | 7782 Park Dr | 80905,Top Servies | 7782 Park Dr | 80905,96,100
Best Industries | 8854 Elm St | 98797,Best IPndustries | 8854 Elm St | 98797,97,100
Super Associates | 5193 Cedar St | 42730,Super Associates | A193 Cedar St | 42730,100,92
Rpliable Enterprises Corp. | 9460 Pine Ct | 39858,Rpliable EnterprPises Corp. | 9460 Pine Ct | 39858,98,100
Reliable Enterprises | 387 Oak Blvd | 80273,Retliable Enterprises | 387 Oak Blvd | 80273,98,100
Elite Group | 8991 Park Way | 58503,Elie Group | 8991 Park Way | 58503,95,100
Pro Industries | 1059 Hvll Pl | 31774,Pro Inidustries | 1059 Hvll Pl | 31774,97,100
Pro Consulting | 8634 Lake St | 40651,Pro Cionsulting | 8634 Lake St | 40651,97,100
Qualityq Group LLC | 709 Maple Way | 87353,Qualityq Group LLC | 709 Mape Way | 87353,100,96
Quality Systems | 7233 Cedar Blvd | 28526,Quality Sysems | 7233 Cedar Blvd | 28526,97,100
Quality Systems | 7233 Cedar Blvd | 28526,Quality Systems | 7233 Cedar Bld | 28526,100,80
AM Group | 8825 Maple Rd | 21681,AM Grup | 8825 Maple Rd | 21681,93,100
Super Technologies | 4157 Washington Terrace | 18988,juper Technologies | 4157 Washington Terrace | 18988,94,100
Elite Group Company | 7566 Pine Pl | 67880,Elite Group Compny | 7566 Pine Pl | 67880,97,100
Pro Consulting Ltd. | 6730 Cedar St | 27788,Pro Consultfng Ltd. | 6730 Cedar St | 27788,93,100
Expert SolutionL LLC | 4238 Pine Ave | 98790,Expert SolutionL LLiC | 4238 Pine Ave | 98790,86,100
Super Industries | 1792 Cedar Rd | 35819,Super Industries | 17y92 Cedar Rd | 35819,100,96
Pro Services | 1659 Main Way | 80746,Pro Services | 1659 MainW Way | 80746,100,96
Prime Soutions | 8732 Oak Ct | 39673,Prime Soutions | 8732 Ok Ct | 39673,100,95
A1 Solutions Company | 4124 Lake Ave | 86896,A1 SoXlutions Company | 4124 Lake Ave | 86896,98,100
Prime Solutions | 6458 Hill Terrace | 35264,Prime Solutions | 645m Hill Terrace | 35264,100,94
Experh Associates | 2925 MapleRd | 17764,Experh Associates | 2925 MupleRd | 17764,100,92
A1 Systems | 9621 Maple Dr | 89181,A1 Systems | 9621 Mapl Dr | 89181,100,96
Prime Technologies | 3198 Lake Ct | 3163,Prime aechnologies | 3198 Lake Ct | 3163,94,100
Expert Enterprises | 6479 Cedar Pl | 39618,Expert Entetrprises | 6479 Cedar Pl | 39618,97,100
Expert Enterprises | 6479 Cedar Pl | 39618,Expert Enterprises | 479 Cedar Pl | 39618,100,96
Best Solutions | 3118 Pine Rd | 33582,Best Solutions | 311 Pine Rd | 33582,100,96
Pro Technologes | 7435 Main Way | 7495,Pro Technologes | 435 Main Way | 7495,100,96
Pro Solutions | 2074 Main Blvd | 58588,Pro Solutsons | 2074 Main Blvd | 58588,92,100
Elite Industries Ltd. | 1218 Oak St | 52395,Elite Industlies Ltd. | 1218 Oak St | 52395,94,100
Expert Systems | 5445 Lake Dr | 66826,Expert Systems | 5445 Lake fDr | 66826,100,86
A1 Group LLC | 4837 Elm Blvd | 51694,A1 Group LLC | 4837 Elmg Blvd | 51694,100,96
PronIndustries | 2202 Main Ct | 60167,PronIndusries | 2202 Main Ct | 60167,96,100
Pro Solutions | 1368 Hil Ave | 65558,Pro Solutins | 1368 Hil Ave | 65558,96,100
Super Systems | 5864 Main Blvd | 22944,SuperxSystems | 5864 Main Blvd | 22944,92,100
Expert Group LLoC | 3786 Hill Way | 91374,Expert Group LLoC | 3786 Hill WayI | 91374,100,82
Best Systems Company | 632 Main Ave | 42235,Best Systemd Company | 632 Main Ave | 42235,95,100
A1 Technologies | 4685 Washington Rd | 23576,Ae Technologies | 4685 Washington Rd | 23576,93,100
Expet Group | 1197 Oak Ave | 61388,Expe Group | 1197 Oak Ave | 61388,95,100
A1 Consulting | 7966 Oak Ct | 67722,Av1 Consulting | 7966 Oak Ct | 67722,96,100
A1 Group | 4111 Lake St | 55518,A1 Group | 4111 LLake St | 55518,100,96
Bst Company | 3574 Main Ave | 64255,Bst Company | 374 Main Ave | 64255,100,96
Expert Services | 7461 Park Rd | 71655,Expert Services | 7461 ParDk Rd | 71655,100,96
Expert Group Ltd. | 853 Lake Terrace | 81063,Expert Group Ltd. | 853 LaPe Terrace | 81063,100,94
Quality Systems | 7419 Pine GTerrace | f9978,Quality SystemQ | 7419 Pine GTerrace | f9978,93,100
Quality Systems | 7419 Pine GTerrace | f9978,Qualita Systems | 7419 Pine GTerrace | f9978,93,100
Best Systems Company | 5217 Pine L | 78916,Besct Systems Company | 5217 Pine L | 78916,98,100
Top Industries Ltd. | 9187 Maple Rd | 23717,Top Industries Ltd. | 9187Maple Rd | 23717,100,96
Reliable Solutions | 2241 Park Dr | 59114,Reliable Solutions | 2241 ParksDr | 59114,100,92
Best Company | 1537 Cedar Ln | 90711,Best Company | 1537 Cdar Ln | 90711,100,96
Quality Consulting LLC | 878 Oak Rd | 99987,Quality Consulting LLC | 8h8 Oak Rd | 99987,100,90
Prime Associates | 3780 Hill Ct | 83372,Prime Associates | 3780 Hwill Ct | 83372,100,96
Best Enterprises Inc. | 8550 Elm St | 63170,Best Erterprises Inc. | 8550 Elm St | 63170,94,100
Elite Group Company | 2477 Main Terrace | 48736,Elite Group Company | Y2477 Main Terrace | 48736,100,97
Pro Associates Inc. | 36n3 Washington Ave | 19267,Pro Associates Inc. | 36n3 WashingtJn Ave | 19267,100,95
Quality SystemQ | 7419 Pine GTerrace | f9978,Qualita Systems | 7419 Pine GTerrace | f9978,87,100
Expert Group LLoC | 3786 Hill WayI | 91374,Expert Group LLoC | 3786 ill WayI | 91374,100,94
Quality Sysems | 7233 Cedar Blvd | 28526,Quality Systems | 7233 Cedar Bld | 28526,97,80
Quality Consulting | 3286 Oak Ave | 9435,Quality Consulting | 3286 Oak AvX | 9435,100,80
Expert Entetrprises | 6479 Cedar Pl | 39618,Expert Enterprises | 479 Cedar Pl | 39618,97,96
Pro Grop | 7517 Pie Rd | 82575,Pro Gron | 7517 Pie Rd | 82575,88,100
Elite Solutions | 6323 Washington Ln | 9858,Elite Solutions | 6323 Washinton Ln | 9858,100,97
Reliable Services | 7893 Lake Way | 5023,Reliable Services | 7893 Lake Way | 5023,100,100
